<?xml version="1.0" encoding="utf-8"?>

<layer-list xmlns:android="http://schemas.android.com/apk/res/android">
    <item>
        <shape android:shape="rectangle">
            <solid android:color="#FFb5b4b4"/>
            <corners android:radius="4dp"/>
        </shape>
    </item>

    <item
        android:bottom="1dp"
        android:left="1dp"
        android:right="1dp"
        android:top="1dp">
        <shape android:shape="rectangle">
            <solid android:color="#ffffffff"/>
            <corners android:radius="4dp"/>
        </shape>
    </item>

</layer-list>

