<?xml version="1.0" encoding="utf-8"?>
<!--<selector xmlns:android="http://schemas.android.com/apk/res/android">
    <item android:drawable="@color/sendotp_light_grey" android:state_enabled="false"/>
    <item android:drawable="@color/send_otp_blue_dark" android:state_pressed="true"/>
    <item android:drawable="@color/send_otp_blue" android:state_pressed="false"/>
</selector>-->
<shape xmlns:android="http://schemas.android.com/apk/res/android">
  <solid android:color="@color/send_otp_blue"/>

  <stroke android:width="1dp"
     android:color="@color/send_otp_blue_dark"
        />

  <padding android:left="1dp"
      android:top="1dp"
      android:right="1dp"
      android:bottom="1dp"
         />

  <corners android:bottomRightRadius="5dip" android:bottomLeftRadius="5dip"
      android:topLeftRadius="5dip" android:topRightRadius="5dip"/>
</shape>
