<?xml version="1.0" encoding="utf-8"?>
<resources>
    <string name="Hello">Hello World, Click Me!</string>
    <string name="ApplicationName">Cobalt.Android</string>
    <string name="LoginName">Cobalt Suite</string>
    <string name="LginFailed">Login failed</string>
    <string name="Lgin">Login</string>
    <string name="CrAccount">Creating Account...</string>
    <string name="EmailErr">enter a valid email address</string>
    <string name="PwdError">at least 3 characters</string>
    <string name="MbbErr">Enter Valid Mobile Number</string>
    <string name="PwdErrChar">Password must contain: Minimum 8 characters atleast 1 UpperCase Alphabet, 1 LowerCase Alphabet, 1 Number and 1 Special Character</string>
    <string name="FirstNameError">First name is must</string>
    <string name="SurNameError">Surname is must</string>
    <string name="EmailError">Email is must</string>
    <string name="InvalidEmailError">Invalid Email</string>
    <string name="PasswordError">Password is must</string>
    <string name="PwdCmplxError">Password must contain: Minimum 8 characters atleast 1 UpperCase Alphabet, 1 LowerCase Alphabet, 1 Number and 1 Special Character</string>
    <string name="UserExistsError">User Already Exists</string>
    <string name="PwdErrNotMatch">Password and Confirm Password must be same</string>
    <string name="LoginExits"><u>Already a member? Login</u></string>
    <string name="LoginFingExits">Login Using thumbprint</string>
    <string name="CrAccount">Create Account</string>
    <string name="RePasswd">Re-enter Password</string>
      <string name="UsrName">Username</string>
    <string name="Passwd">Password</string>
    <string name="MbNum">Mobile Number</string>
   <string name="label_send">Send</string>
   <string name="label_error_incorrect_phone">Incorrect phone</string>
    <string name="Email">Email</string>
    <string name="Name">First Name</string>
    <string name="SurName">Sur Name</string>
    <string name="Nologin"><u>No account yet? Create one</u></string>
    <string name="PlzWait">please wait...</string>
    <string name="ExitPop">Press once again to exit!</string>
    <string name="ConnectedCars">Connected Cars</string>
     <string name="floating_action_menu">Floating Action Menu</string>
  	<string name="lorem_ipsum_large">Lorem ipsum dolor sit amet, consectetur adipiscing elit. Duis sed ultricies risus. Integer nisi orci, lacinia sit amet mi in, mollis scelerisque purus. Nunc risus ligula, maximus eu orci a, facilisis dictum velit. Proin nec laoreet magna. Nulla ut sagittis lorem. Morbi id enim fermentum, semper diam et, tempus leo. Aliquam vel congue orci. Suspendisse potenti. Curabitur finibus diam augue, vel bibendum sapien ultrices non.</string>
  	<string name="navigation_drawer_open">Navigation open</string>
  	<string name="navigation_drawer_close">Navigation close</string>
    <string name="Del">Delete</string>
    <string name="Select_Country">SELECT COUNTRY</string>
    <string name="enterphonenumber">Enter your phone number</string>
    <string name="selectcountry">Select country</string>
    <string name="sending_sms">We\'re sending an sms to</string>
    <string name="inprogress">Verification in\nprogress</string>
    <string name="verified">Verify Code</string>
    <string name="verifiedError">Enter Code</string>
    <string name="validate_pin">VALIDATE</string>
    <string name="no_sms">Haven\'t recevied the validation code?</string>
    <string name="resend_otp"><u><b>Resend OTP</b></u></string>  
    <string name="enter_validation_code">Enter your 4 digit validation code</string>
    <string name ="forgotMessage">We will send a One Time Password (OTP) on your mobile to reset your password.</string>
    <string name ="forgotTitle"><u><b>Forgot Password?</b></u></string>
    <string name ="MbNum">Enter MobileNumber</string>
    <string name ="Cancel">Cancel</string>
    <string name ="ResPassword">Reset Password</string>
    <string name ="MobileNumber">Verify MobileNumber</string>
    <string name ="MobileNumText">We will send a One Time Password (OTP) on your mobile</string>
    <string name ="UnReg">UnRegister?</string>
    <string name ="UnRegMeg">Are you Sure want to Un Register?</string>
    <string name ="BtnOk">Ok</string>
    <string name ="BtnCancel">Cancel</string>
  <string name ="BtnOkGoit">Ok,Got it</string>
  <string name ="ProvMesgg">Welcome to Cobalt SmartSuit,Making your entire world Smart Seamlessly and Intelligently.Cobalt is on-line and supported by Cobie, our artificially-intelligent operating system. Cobie is always learning and always working to make your life easier. This means that your whole life is synced, easily controlled by your smart-phone, and available at the touch of a button.
  </string>
  <string name="fingerprint_description"><u><b>Login Using fingerprint</b></u></string>
   <string name="fingerprint_hint">Touch sensor</string>
  <string name="fingerprint_not_recognized">Fingerprint not recognized. Try again</string>
  <string name="fingerprint_success">Fingerprint recognized</string>
  <string name="LoginAttemptFalied">Your account is locked.Please unlock by Reseting password using forgot password link!</string>
 <string name="ActLocked">your account is locked</string>
  <string name="ActReg">your account is not registered.Please Register</string>
  <string name="CobiLink"><u>CobieHelp Login</u></string>
  <string name="CobiLinkReg"><u>CobieHelp Register</u></string>
  <string name ="EmailID">Email ID</string>
  <string name ="frgtpaswd">Forgot Pasword</string>
  <string name ="SbtBtn">Submit</string>  
  <string name ="NewPassword">New Password</string>
  <string name ="ReEnterPassword">Re-enter New Password</string>
   <string name ="RestPwd">Change Password</string>
  <string name="ActThumReg">your are not registered.Please Register,if Registred please login using Username and password!</string>

</resources>
