﻿<?xml version="1.0" encoding="utf-8" ?>
<resources>
  <color name="app_primary">#1976D2</color>
  <color name="app_primary_dark">#1565C0</color>
  <color name="grey">#DDDDDD</color>
  <color name="light_grey">#EEEEEE</color>
  <color name="white_transparent">#99FFFFFF</color>
  <color name="hint_color">#42000000</color>
  <color name="black">#000</color>
  <color name="white">#FFFFFF</color>
  <color name="send_otp_blue">#156BB3</color>
  <color name="send_otp_blue_dark">#06599e</color>
  <color name="sendotp_grey">#636363</color>
  <color name="sendotp_medium_grey">#B0B0B0</color>
  <color name="sendotp_light_grey">#D9D9D9</color>
  <color name="colorAccent">#c8e8ff</color>
</resources>